{
  "frameCount": 73,
  "fps": 23.999999736986304,
  "frameWidth": 240,
  "frameHeight": 180,
  "padding": 4,
  "cellWidth": 248,
  "cellHeight": 188,
  "columns": 10,
  "duration": 3.0416667
}
